Búsqueda: | Cervezas | 7 Productos | Filtrar | Cerveza 3 Cordilleras rosada botella 330ml x4 | 3 CORDILLERAS | $ 19.690 | (ml a $ 14,92) | 
Cerveza 3 Cordilleras negra botella 330ml x4 | 3 CORDILLERAS | $ 18.890 | (ml a $ 14,31) | 
Cerveza 3 Cordilleras mulata botella 330ml x4 | 3 CORDILLERAS | $ 18.890 | (ml a $ 14,31) | 
Cerveza 3 Cordilleras mestiza botella  330ml x4 | 3 CORDILLERAS | $ 18.000 | (ml a $ 13,64) | 
Cerveza 3 Cordilleras mona botella 330ml x4 | 3 CORDILLERAS | $ 18.000 | (ml a $ 13,64) | 
Cerveza 3 Cordilleras Rosada Botella x 330 Ml | 3 CORDILLERAS | $ 4.690 | (ml a $ 14,21) | 
Cerveza 3 Cordilleras Negra Botella x 330 Ml | 3 CORDILLERAS | $ 4.690 | (ml a $ 14,21) | Agregar
Búsqueda: | Cervezas | 7 Productos | Filtrar | Cerveza Aguila Light lata x6und x330ml c-u | AGUILA | $ 17.590 | (ml a $ 8,88) | 
Cerveza Aguila Original lata x6und x330ml c-u | AGUILA | $ 17.690 | (ml a $ 8,93) | 
Cerveza Aguila light lata x6und x269ml c-u | AGUILA | $ 12.390 | (ml a $ 0,01) | 
Cerveza Aguila 0,0% lata x6unds x330ml | AGUILA | $ 11.590 | (ml a $ 5,85) | 
Cerveza Aguila Light lata x330ml | AGUILA | $ 2.890 | (ml a $ 8,76) | 
Cerveza Aguila Original lata x330ml | AGUILA | $ 2.990 | (ml a $ 9,06) | Agregar
Búsqueda: | Cervezas | 4 Productos | Filtrar | Cerveza Andina Lata x6und x330ml c/u | ANDINA | $ 17.090 | 
Cerveza Andina Light Lata x6und x269ml c/u | ANDINA | $ 11.590 | (ml a $ 0,01) | 
Cerveza Andina Light Lata x6und x330ml c/u | ANDINA | $ 17.290 | (ml a $ 8,73) | 
Cerveza Andina Lata x6und x269ml c/u | ANDINA | $ 13.200 | (ml a $ 0,01) | Agregar
Búsqueda: | Cervezas | 8 Productos | Filtrar | Cerveza BBC La Cotidiana lata x4und x269ml c-u | BBC | $ 10.390 | (ml a $ 0,01) | 
Cerveza BBC Lager botella x6und x330ml c-u | BBC | $ 21.590 | (ml a $ 10,9) | 
Cerveza BBC Cajicá Miel lata x4und x269ml c-u | BBC | $ 14.390 | (ml a $ 0,01) | 
Cerveza BBC Cajicá Miel x4und x330ml c-u | BBC | $ 18.590 | (ml a $ 14,08) | 
Cerveza BBC Monserrate Roja botella x4und x330ml | BBC | $ 18.990 | (ml a $ 14,39) | 
Cerveza BBC Lager botella x330ml | BBC | $ 3.990 | (ml a $ 12,09) | 
Cerveza BBC Cajicá Miel botella x330ml | BBC | $ 3.790 | (ml a $ 11,48) | 
Cerveza BBC Chapinero Porter botella x330ml | BBC | $ 4.690 | (ml a $ 14,21) | Agregar
Búsqueda: | Cervezas | 3 Productos | Filtrar | Cerveza becks lata x6und x330ml c-u | BECKS | $ 14.390 | 
Cerveza Beck's botella x6unds x275ml c-u | BECKS | $ 14.990 | (ml a $ 9,08) | 
Cerveza Becks lata x330ml | BECKS | $ 2.690 | (ml a $ 8,15) | Agregar
Búsqueda: | Cervezas | 6 Productos | Filtrar | Cerveza Budweiser botella x6und x250ml c-u | BUDWEISER | $ 15.590 | (ml a $ 10,39) | 
Cerveza Budweiser lata x6und x269ml c-u | BUDWEISER | $ 15.990 | (ml a $ 0,01) | 
Cerveza budweiser lata x6undx355mlc-u | BUDWEISER | $ 19.590 | (ml a $ 9,2) | 
Cerveza Budweiser lata x24und x269ml c-u | BUDWEISER | $ 65.990 | (ml a $ 0,01) | 
Cerveza Budweiser lata x269ml | BUDWEISER | $ 2.490 | (ml a $ 9,26) | 
Cerveza budweiser lata x355ml | BUDWEISER | $ 3.190 | (ml a $ 8,99) | Agregar
Búsqueda: | Cervezas | 9 Productos | Filtrar | Cerveza Club Colombia Dorada lata x6und x330ml c-u | CLUB COLOMBIA | $ 18.890 | (ml a $ 9,54) | 
Cerveza Club Colombia Negra lata x6und x330ml c-u | CLUB COLOMBIA | $ 18.890 | (ml a $ 9,54) | 
Cerveza Club Colombia Roja lata x6und x330ml | CLUB COLOMBIA | $ 18.890 | (ml a $ 9,54) | 
Cerveza Club Colombia doble malta lata x6und x330ml c-u | CLUB COLOMBIA | $ 18.990 | (ml a $ 9,59) | 
Cerveza Club Colombia Dorada x6und x330ml c-u | CLUB COLOMBIA | $ 17.590 | (ml a $ 8,88) | 
Cerveza Club Colombia doble malta botella x330ml | CLUB COLOMBIA | $ 3.190 | 
Cerveza Club Colombia Negra lata x330ml | CLUB COLOMBIA | $ 3.190 | (ml a $ 9,67) | 
Cerveza Club Colombia Dorada lata x330ml | CLUB COLOMBIA | $ 2.990 | (ml a $ 9,06) | 
Cerveza Club Colombia Roja lata x330ml | CLUB COLOMBIA | $ 3.140 | (ml a $ 9,52) | Agregar
Búsqueda: | Cervezas | 2 Productos | Filtrar | Refajo Cola & Pola lata x6und x330ml c-u | COLA&POLA | $ 14.990 | (ml a $ 7,57) | 
Refajo Cola & Pola lata x330ml | COLA&POLA | $ 2.490 | (ml a $ 7,55) | Agregar
Búsqueda: | Cervezas | 8 Productos | Filtrar | Cerveza Corona botella x6und x355ml c-u | CORONA | $ 27.990 | (ml a $ 13,14) | 
Cerveza Corona lata x6unds x239ml c-u | CORONA | $ 21.990 | (ml a $ 0,01) | 
Cerveza Corona botella x355ml | CORONA | $ 4.290 | (ml a $ 12,08) | 
Cerveza Corona sixpack x355ml | CORONA | $ 27.990 | (ml a $ 13,14) | 
Kit Cerveza Corona x6und x355ml c-u + Vaso | CORONA | $ 36.690 | (ml a $ 17,23) | 
Kit Cerveza Corona botella x6und x355ml c-u + Termo | CORONA | $ 51.990 | (ml a $ 24,41) | Agregar
Búsqueda: | Cervezas | 2 Productos | Filtrar | Cerveza Coronita botella x6und x210ml c-u | CORONITA | $ 17.050 | (ml a $ 13,53) | 
Cerveza Coronita botella x210ml | CORONITA | $ 3.390 | (ml a $ 16,14) | Agregar
Búsqueda: | Cervezas | 2 Productos | Filtrar | Cerveza Costeña Bacana lata x6unds x330ml c-u | COSTENA | $ 14.990 | (ml a $ 7,57) | 
Cerveza Costeña Bacana lata x330ml | COSTENA | $ 2.490 | (ml a $ 7,55) | Agregar
Búsqueda: | Cervezas | 5 Productos | Filtrar | Cerveza Heineken 6 pack lata x269ml | HEINEKEN | $ 17.890 | (ml a $ 0,01) | 
Cerveza Heineken 6 pack lata x330ml | HEINEKEN | $ 20.790 | (ml a $ 10,5) | 
Cerveza Heineken 6 pack botella x250ml | HEINEKEN | $ 18.000 | (ml a $ 12) | 
Cerveza Heineken 6 pack botella x330ml | HEINEKEN | $ 22.190 | (ml a $ 11,21) | 
Cerveza Heineken 0.0 lata x6und x250ml c-u | HEINEKEN | $ 15.000 | Agregar
Búsqueda: | Cervezas | 1 Producto | Filtrar | Cerveza Michelob Ultra botella x355ml | MICHELOB ULTRA | $ 3.290 | (ml a $ 9,27) | Agregar
Búsqueda: | Cervezas | 1 Producto | Filtrar | Cerveza Miller Lite Lata 6 Pack x330ml | MILLER LITE | $ 17.590 | (ml a $ 8,88) | Agregar
Búsqueda: | 0 Productos | OOPS! | No se ha encontrado ningún producto | ¿Qué hago? | Compruebe los términos introducidos. | Intenta utilizar una sola palabra. | Utilice términos genéricos en la búsqueda. | Busque utilizar sinónimos al término deseado.
Búsqueda: | Cervezas | 1 Producto | Filtrar | Cerveza Pilsen lata x6 unds x330ml | PILSEN | $ 16.990 | (ml a $ 8,58) | Agregar
Búsqueda: | Cervezas | 5 Productos | Filtrar | Cerveza Poker lata x6und x330ml c-u | POKER | $ 15.150 | (ml a $ 7,65) | 
Cerveza Poker pura malta lata x6und x330ml c-u | POKER | $ 14.590 | (ml a $ 7,37) | 
Cerveza Poker lata x330ml | POKER | $ 2.590 | (ml a $ 7,85) | 
Kit Cerveza Poker lata x6und x330ml c-u + Jarro | POKER | $ 22.990 | (ml a $ 11,61) | 
Cerveza Poker pura malta lata x330ml | POKER | $ 2.490 | (ml a $ 7,55) | Agregar
Búsqueda: | Cervezas | 1 Producto | Filtrar | Cerveza Sol Lata 6 Pack x269ml | SOL | $ 15.790 | (ml a $ 0,01) | Agregar
Búsqueda: | Cervezas | 1 Producto | Filtrar | Cerveza Stella Artois lata x269ml | STELLA ARTOIS | $ 3.790 | (ml a $ 15,16) | Agregar
Búsqueda: | Cervezas | 1 Producto | Filtrar | Cerveza Tecate Original Lata 6 pack x330ml | TECATE | $ 15.000 | (ml a $ 7,58) | Agregar
